Wall time,Step,Value
1511368813.02458,25,0.019999999552965164
