Wall time,Step,Value
1511367514.6103153,25,0.030000001192092896
