Wall time,Step,Value
1511456574.0057685,25,0.8991667032241821
