Wall time,Step,Value
1511362054.4300106,25,0.13083332777023315
